Workbook

Sheet Requirements Program
A1: 1. Requirements Master Program
A2: No | B2: Item | C2: Fix Requirements | D2: Catatan
A3: 1 | B3: Master Program | C3: Master Program = program siap jual yang dibentuk dari Product Combine (Master Data) + costing (Fixed Cost & Variable Cost). Program dibuat secara umum: tidak ada lagi pemisahan Public / B2B di level program. Pemilihan Public atau B2B dilakukan di modul Quotation.
A4: 2 | B4: Sumber atribut | C4: Semua atribut (Jenis Produk, Jenis Sertifikasi, Jenis Bidang, Varian Pelaksanaan, Product Combine, Master Rate) hanya dipilih dari Master Data, tidak diinput ulang di Master Program.
A5: 3 | B5: Isi Master Program | C5: 1) Product Combine (select dari Master Data) 2) Durasi (hari) 3) Target peserta (baseline) 4) Harga jual standar / peserta (baseline) 5) Target profit (opsional) 6) Item costing: Fixed Cost & Variable Cost | D5: Baseline = angka acuan. Bisa diubah per quotation tanpa mengubah master.
A6: 4 | B6: Customer | C6: Tidak ada customer di Master Program. Peserta (Public) atau Company (B2B) dipilih di Quotation. | D6: Sebelumnya Company wajib dipilih saat program B2B dibuat; dipindah ke Quotation.
A7: 5 | B7: Status | C7: Draft → Final, atau Batal.
A8: 6 | B8: Draft | C8: Program masih disusun, angka belum pasti, bisa diedit.
A9: 7 | B9: Final (siap dipakai) | C9: Dikonfirmasi fix, angka menjadi baseline resmi, terkunci (hanya bisa dilihat), dan muncul sebagai pilihan Master Program di modul Quotation.
A10: 8 | B10: Batal | C10: Program tidak dipakai lagi dan tidak muncul di pilihan Quotation. Quotation yang sudah terbentuk tidak terpengaruh.
A11: 9 | B11: Konfirmasi Final | C11: Aksi "Finalkan program" memunculkan popup ringkasan (durasi, target peserta, harga jual, HPP, profit, BEP) dan peringatan bila profit minus / BEP di atas target. Setelah dikonfirmasi status menjadi Final tanpa berpindah halaman.
A12: 10 | B12: Perubahan setelah Final | C12: Master Program Final tidak bisa diubah. Bila perlu perubahan master, batalkan lalu buat program baru. Penyesuaian harga / costing untuk kebutuhan penjualan dilakukan di Quotation (tidak mengubah master).
A13: 11 | B13: Pengecekan sebelum Final | C13: Saat ini tidak ada approval.
A14: 12 | B14: Pembagian biaya | C14: Satu model costing untuk semua program: Fixed Cost (tidak bergantung jumlah peserta) dan Variable Cost (bergantung jumlah peserta). | D14: Berlaku sama untuk penjualan Public maupun B2B.
A15: 13 | B15: Satuan fixed cost | C15: / Event (sekali per acara), / Day (per hari), / Hours (per jam).
A16: 14 | B16: Satuan variable cost | C16: / Peserta / Event (per peserta untuk seluruh acara) dan / Peserta / Day (per peserta per hari).
A17: 15 | B17: Harga standar biaya | C17: Setiap item punya default cost dari Master Rate (Master Data) yang bisa disesuaikan per program.
A18: 16 | B18: Cara input biaya | C18: Fixed Cost tampil semua sebagai default. Variable Cost ditambah satu per satu (pilih dari Master Rate, lalu "+ Tambah"). Ada opsi biaya manual di luar master. | D18: Mengikuti cara input Public yang sudah ada.
A19: 17 | B19: Simulasi costing | C19: 1) Total fixed cost 2) Total variable cost 3) HPP 4) Profit 5) Harga BEP / Peserta 6) Jumlah peserta BEP 7) Target Profit 8) Harga jual
A20: 18 | B20: Target dan realisasi | C20: Master Program hanya menyimpan angka baseline. Peserta fix, realisasi, dan perbandingan As Is vs Aktual dihitung di Quotation. | D20: Sebelumnya aturan As Is vs Aktual ada di Product Costing Public.
A23: 2. Pain Point Master Program
A24: No | B24: Item | C24: Solusi | D24: Catatan
A30: 3.Wishlist Master Program
A31: No | B31: Item | C31: Solusi | D31: Catatan
A32: 1 | B32: Simulasi profit | C32: Profit = Pendapatan − (Total Fixed Cost + Total Variable Cost) | D32: Rumus dikoreksi: sebelumnya tertulis (Fixed − Variable), yang salah tanda.
A33: 2 | B33: Simulasi BEP | C33: HPP = Total Fixed Cost + Total Variable Cost BEP Peserta = Total Fixed Cost ÷ (Harga jual per peserta − Biaya variable per peserta), dibulatkan ke atas. BEP Harga Jual = HPP ÷ Target Peserta
A36: 4.SIPOC Master Program
A37: No | B37: Supplier | C37: Input | D37: Process | E37: Output | F37: Customer
A38: 1 | B38: Master Data (Product Combine) | C38: Produk (hasil Product Combine) | D38: Master Program (costing) | E38: - Target peserta - Target profit - HPP - BEP Peserta - BEP Harga Jual - Total Cost (Fixed & Variable) | F38: Quotation
A39: 2 | B39: Master Data (Master Rate) | C39: - Item Fixed Cost - Item Variable Cost - Default cost Fixed & Variable
A42: 5. Open Points (perlu dikonfirmasi)
A43: No | B43: Item | C43: Pertanyaan / Temuan | D43: Catatan
A44: 1 | B44: Satuan Jam vs Hari | C44: Mandays Rate Charge Labmania dan Honor Trainer bersatuan "Jam", tapi di simulasi dikalikan jumlah Hari. Perlu dipastikan basisnya per jam atau per hari. | D44: Berpengaruh langsung ke HPP.
A45: 2 | B45: Hotel Trainer ** dan *** | C45: Kedua item masuk ke Total Fixed Cost / Day. Kalau keduanya terisi akan terhitung ganda, padahal trainer hanya menginap di satu jenis hotel. | D45: Perlu pilih salah satu per program.
A46: 3 | B46: Item duplikat | C46: "Transport Trainer Luar Kota PP" muncul 2x di Fixed Cost / Event (satu tanpa default cost). | D46: Pastikan salah satu dihapus atau diganti nama.
A47: 4 | B47: Rate B2B vs Public | C47: Rate B2B berbeda dari Public. Apakah memakai item terpisah (misalnya "Honor Trainer Inhouse") atau satu item dengan dua harga default? | D47: Ditentukan bersama Quotation.

Sheet Cost Master
A1: COST MASTER — REFERENSI DARI MASTER DATA > MASTER RATE
A3: Item Biaya | B3: Kategori | C3: Satuan | D3: Default Cost | E3: Keterangan | F3: Aktif | G3: CATATAN SENTRAL
A4: Fix Cost / Event
A5: Transport Trainer Luar Kota PP | B5: Fixed | C5: Event | D5: 250000 | E5: Transport / Hari | F5: Ya | G5: Default, Edit (Master Program)
A6: Transport Trainer Luar Kota PP | B6: Fixed | C6: Event | E6: Transport / Hari | F6: Ya | G6: Default, Edit (Master Program)
A7: Marketing/Ads | B7: Fixed | C7: Event | D7: 0 | E7: Iklan | F7: Ya | G7: Default, Edit (Master Program)
A8: Dokumentasi | B8: Fixed | C8: Event | D8: 0 | E8: Dokumentasi | F8: Ya | G8: Default, Edit (Master Program)
A9: Banner/Promosi | B9: Fixed | C9: Event | D9: 100000 | E9: Promosi | F9: Ya | G9: Default, Edit (Master Program)
A10: Administrasi | B10: Fixed | C10: Event | D10: 0 | E10: Administrasi | F10: Ya | G10: Default, Edit (Master Program)
A11: Total | D11: =SUM(D5:D10) -> 350000
A13: Fix Cost / Day & Hours
A14: Mandays Rate Charge Labmania | B14: Fixed | C14: Jam | D14: 1600000 | F14: Ya | G14: Fix, saat mau edit di master
A15: Honor Trainer | B15: Fixed | C15: Jam | D15: 2125000 | F15: Ya | G15: Default, Edit (Master Program)
A16: Hotel Trainer ** | B16: Fixed | C16: Hari | D16: 375000 | E16: Hotel | F16: Ya | G16: Hotel trainer ada 2 jenis, bintang 2 dan bintang 3. Default, Edit
A17: Hotel Trainer *** | B17: Fixed | C17: Hari | D17: 0 | E17: Hotel | F17: Ya
A18: Konsumsi Trainer, diluar konsumsi selama training | B18: Fixed | C18: Hari | D18: 140000 | E18: Konsumsi trainer / Hari | F18: Ya | G18: Makan siang dan snack, include konsumsi peserta training. Default, Edit
A19: Total | D19: =SUM(D13:D18) -> 4240000
A21: Variable Cost / Peserta / Event
A22: Modul | B22: Variable | C22: Peserta/Event | D22: 50000 | E22: Modul | F22: Ya
A23: Sertifikat | B23: Variable | C23: Peserta/Event | D23: 5000 | E23: Sertifikat | F23: Ya | G23: Fix, saat mau edit di master
A24: Seminar Kit | B24: Variable | C24: Peserta/Event | D24: 35000 | E24: Kit | F24: Ya | G24: Input Free text
A25: Goodybag | B25: Variable | C25: Peserta/Event | D25: 5000 | E25: Goodybag | F25: Ya | G25: Fix, saat mau edit di master
A26: Merchandise | B26: Variable | C26: Peserta/Event | D26: 0 | E26: Merchandise | F26: Ya | G26: Fix, saat mau edit di master
A27: Sertifikasi LSP | B27: Variable | C27: Peserta/Event | D27: 0 | E27: Sertifikasi LSP | F27: Ya | G27: Input Free text
A28: Ongkir Dokumen | B28: Variable | C28: Peserta/Event | D28: 15000 | E28: Ongkir Dokumen | F28: Ya | G28: Input Free text
A29: Total | D29: =SUM(D22:D28) -> 110000
A31: Variable Cost / Peserta / Day
A32: Makan Siang Training | B32: Variable | C32: Peserta/Hari | D32: 50000 | E32: Makan/snack | F32: Ya | G32: Untuk peserta + trainer + asisten. Default, edit
A33: Coffee Break | B33: Variable | C33: Peserta/Hari | D33: 40000 | E33: Coffee break | F33: Ya | G33: Untuk peserta + trainer + asisten. Default, edit
A34: Total | D34: =SUM(D32:D33) -> 90000
A36: Catatan: sheet ini hanya referensi untuk simulasi. Sumber data resmi ada di Master Data > Master Rate (file Product - Labmania).
C39: Total Fixed Cost (Event + 1 Hari) | D39: =D11+D19 -> 4590000 | E39: per program, 1 hari
C40: Total Variable Cost / Peserta (Event + 1 Hari) | D40: =D29+D34 -> 200000 | E40: per peserta, 1 hari

Sheet Simulasi Costing
A1: SIMULASI COSTING MASTER PROGRAM
A3: No | B3: SKENARIO (Simulasi, input) | E3: FIXED COST | H3: VARIABLE COST | L3: HPP | M3: PENDAPATAN | N3: HASIL
B4: Hari | C4: Target Peserta | D4: Harga Jual / Peserta | E4: Rate / Event | F4: Rate / Day | G4: Total Fixed Cost = Event + Day×Hari | H4: Rate / Peserta / Event | I4: Rate / Peserta / Day | J4: Biaya Var / Peserta = Event + Day×Hari | K4: Total Variable Cost = per Peserta × Peserta | M4: Total Pendapatan = Harga × Peserta | N4: Profit = Pendapatan − (Fixed + Variable) | O4: Harga BEP / Peserta
A5: 1 | B5: 2 | C5: 25 | E5: ='Cost Master'!$D$11 -> 350000 | F5: ='Cost Master'!$D$19 -> 4240000 | G5: =E5+(F5*B5) -> 8830000 | H5: ='Cost Master'!$D$29 -> 110000 | I5: ='Cost Master'!$D$34 -> 90000 | J5: =H5+(I5*B5) -> 290000 | K5: =J5*C5 -> 7250000 | L5: =G5+K5 -> 16080000 | M5: =D5*C5 -> 0 | N5: =M5-L5 -> -16080000 | O5: =L5/C5 -> 643200
A6: 2 | B6: 2 | C6: 11 | E6: ='Cost Master'!$D$11 -> 350000 | F6: ='Cost Master'!$D$19 -> 4240000 | G6: =E6+(F6*B6) -> 8830000 | H6: ='Cost Master'!$D$29 -> 110000 | I6: ='Cost Master'!$D$34 -> 90000 | J6: =H6+(I6*B6) -> 290000 | K6: =J6*C6 -> 3190000 | L6: =G6+K6 -> 12020000 | M6: =D6*C6 -> 0 | N6: =M6-L6 -> -12020000 | O6: =L6/C6 -> 1092727.3
A7: 3 | B7: 3 | C7: 10 | E7: ='Cost Master'!$D$11 -> 350000 | F7: ='Cost Master'!$D$19 -> 4240000 | G7: =E7+(F7*B7) -> 13070000 | H7: ='Cost Master'!$D$29 -> 110000 | I7: ='Cost Master'!$D$34 -> 90000 | J7: =H7+(I7*B7) -> 380000 | K7: =J7*C7 -> 3800000 | L7: =G7+K7 -> 16870000 | M7: =D7*C7 -> 0 | N7: =M7-L7 -> -16870000 | O7: =L7/C7 -> 1687000
A8: 4 | B8: 3 | C8: 10 | E8: ='Cost Master'!$D$11 -> 350000 | F8: ='Cost Master'!$D$19 -> 4240000 | G8: =E8+(F8*B8) -> 13070000 | H8: ='Cost Master'!$D$29 -> 110000 | I8: ='Cost Master'!$D$34 -> 90000 | J8: =H8+(I8*B8) -> 380000 | K8: =J8*C8 -> 3800000 | L8: =G8+K8 -> 16870000 | M8: =D8*C8 -> 0 | N8: =M8-L8 -> -16870000 | O8: =L8/C8 -> 1687000
A9: 5 | B9: 1 | C9: 20 | E9: ='Cost Master'!$D$11 -> 350000 | F9: ='Cost Master'!$D$19 -> 4240000 | G9: =E9+(F9*B9) -> 4590000 | H9: ='Cost Master'!$D$29 -> 110000 | I9: ='Cost Master'!$D$34 -> 90000 | J9: =H9+(I9*B9) -> 200000 | K9: =J9*C9 -> 4000000 | L9: =G9+K9 -> 8590000 | M9: =D9*C9 -> 0 | N9: =M9-L9 -> -8590000 | O9: =L9/C9 -> 429500
A10: 6 | B10: 1 | C10: 20 | E10: ='Cost Master'!$D$11 -> 350000 | F10: ='Cost Master'!$D$19 -> 4240000 | G10: =E10+(F10*B10) -> 4590000 | H10: ='Cost Master'!$D$29 -> 110000 | I10: ='Cost Master'!$D$34 -> 90000 | J10: =H10+(I10*B10) -> 200000 | K10: =J10*C10 -> 4000000 | L10: =G10+K10 -> 8590000 | M10: =D10*C10 -> 0 | N10: =M10-L10 -> -8590000 | O10: =L10/C10 -> 429500
