Workbook

Sheet Requirements Costing
A1: 1. Requirements Product Costing
A2: No | B2: Item | C2: Fix Requirements | D2: Berlaku Untuk: Public atau B2B | E2: Catatan
A3: 1 | B3: Program | C3: Program = produk yang dipilih dari master product combined + product costing menjadi satu program siap jual. Akan ada perbedaan program dengan pilihan jenis: 1) Program Public 2) Program B2B Melalui satu menu tetapi akan berpisah menjadi 2 jalur setelah pilih jenis prigram Program Public = Program dipromosikan dulu, peserta mendaftar di akhir, harga per peserta Program B2B = Company sudah diketahui dari awal, harga paket all in | D3: Semua
A4: 2 | B4: Customer Public | C4: Tidak diisi saat program dibuat. Peserta didaftarkan setelah promosi lewat quotation. | D4: Public
A5: 3 | B5: Customer B2B | C5: Company wajib dipilih dari Master Company saat program dibuat. | D5: B2B
A6: 4 | B6: Target program Public | C6: Target peserta, target harga jual per peserta, target profit (opsional). | D6: Public
A7: 5 | B7: Target program B2B | C7: Harga paket all-in (sudah termasuk biaya pendukung), jumlah peserta (informasi), target profit (opsional). | D7: B2B
A8: 6 | B8: Status | C8: Public: Draft → Final → Selesai, atau Batal. B2B: Draft → Deal → Selesai, atau Batal. | D8: Semua
A9: 7 | B9: Draft | C9: Program masih disusun, angka belum pasti, bisa diedit. | D9: Semua
A10: 8 | B10: Final (siap jual) | C10: Dikonfirmasi fix, angka menjadi target resmi, terkunci (hanya bisa dilihat), muncul di modul Quotation. | D10: Public
A11: 9 | B11: Deal | C11: Program disepakati dengan company, terkunci (hanya bisa dilihat). Tidak melalui modul Quotation. | D11: B2B
A12: 10 | B12: Selesai | C12: Program sudah berjalan / ditutup, realisasi menjadi angka akhir. | D12: Semua
A13: 11 | B13: Batal | C13: Program tidak jadi, misalnya target peserta tidak tercapai. | D13: Semua
A14: 12 | B14: Konfirmasi fix | C14: Aksi "Create quotation" memunculkan popup ringkasan (durasi, target, harga, HPP, profit, BEP) dan peringatan bila profit minus / BEP di atas target. Setelah dikonfirmasi status menjadi Final tanpa berpindah halaman. | D14: Public
... A26: 24 | B26: Aturan product costing As Is vs Aktual | C26: Harga jual tetap, yang berubah hanya nilai profit. Akan ada report perbandingan antara As Is vs Aktual | D26: Public
A27: 25 | B27: Pembagian biaya | C27: B2B tidak memakai pembagian fixed / variable berbasis peserta. Semua biaya diambil dari item Fixed Cost di Master Cost. | D27: B2B | E27: Tidak ada biaya per peserta, karena basisnya mandays.
A28: 26 | B28: Cara input biaya | C28: Item biaya tidak langsung tampil semua. User menambah item satu per satu (pilih dari Master Cost, lalu “+ Tambah”) sesuai kondisi program, sama seperti cara input variable cost di Public. Ada opsi biaya manual di luar master. | D28: B2B | E28: Berbeda dari Public, yang menampilkan semua fixed cost sekaligus.
A29: 27 | B29: Satuan biaya | C29: / Event (sekali per program), / Day (× durasi), / Hours (dihitung sama dengan / Day karena acara flat), / Mandays. | D29: B2B | E29: Formula rate mandays ditentukan nanti.
A30: 28 | B30: Komponen biaya | C30: Biaya mandays (honor trainer/konsultan, mandays rate charge) + biaya pendukung (akomodasi, transport, konsumsi trainer, perlengkapan, dsb.). | D30: B2B
A31: 29 | B31: Harga standar biaya | C31: Setiap item punya default cost dari Master Cost yang bisa disesuaikan per program. | D31: B2B | E31: Rate B2B berbeda dari Public. Perlu dipastikan apakah memakai item terpisah (misalnya “Honor Trainer Inhouse”) atau satu item dengan dua harga default.
A34: 2. Pain Point Product Costing
A35: No | B35: Item | C35: Solusi | D35: Catatan
A41: 3.Wishlist Product Costing
A42: No | B42: Item | C42: Solusi | D42: Catatan
A43: 1 | B43: Simulasi profit | C43: Profit = (Pendapatan - (Fixed - Variable)) | D43: Public
A44: 2 | B44: Simulasi BEP | C44: HPP = (Total Fixed Cost + Total Variable Cost) BEP Peserta = Total fixed cost ÷ (Harga jual per peserta − Biaya variable per peserta), lalu dibulatkan ke atas. BEP Harga Jual = (HPP / Target Peserta) | D44: Public
A48: 4.SIPOC Product Costing
A49: No | B49: Supplier | C49: Input | D49: Process | E49: Output | F49: Customer
A50: 1 | B50: Product Combined | C50: Produk | D50: Product Costing | E50: - Target peserta - Target Profit - HPP - BEP Peserta - BEP Harga Jual - Total Cost (Fixed & Variable)
A51: 2 | B51: Master Cost | C51: - Item Fixed Cost - Item Variable Cost - Cost dari Fixed Cost - Cost Variable Cost

Sheet Cost Master
A1: COST MASTER — DATABASE BIAYA
A3: Item Biaya | B3: Kategori | C3: Satuan | D3: Default Cost | E3: Keterangan | F3: Aktif | G3: CATATAN SENTRAL
A4: Fix Cost / Event
A5: Transport Trainer Luar Kota PP | B5: Fixed | C5: Event | D5: 250000 | E5: Transport / Hari | F5: Ya | G5: Default, Edit (Product Costing)
A6: Transport Trainer Luar Kota PP | B6: Fixed | C6: Event | E6: Transport / Hari | F6: Ya | G6: Default, Edit (Product Costing)
A7: Marketing/Ads | B7: Fixed | C7: Event | D7: 0 | E7: Iklan | F7: Ya | G7: Default, Edit (Product Costing)
A8: Dokumentasi | B8: Fixed | C8: Event | D8: 0 | E8: Dokumentasi | F8: Ya | G8: Default, Edit (Product Costing)
A9: Banner/Promosi | B9: Fixed | C9: Event | D9: 100000 | E9: Promosi | F9: Ya | G9: Default, Edit (Product Costing)
A10: Administrasi | B10: Fixed | C10: Event | D10: 0 | E10: Administrasi | F10: Ya | G10: Default, Edit (Product Costing)
A11: Total | D11: =SUM(D5:D10) -> 350000
A13: Fix Cost / Day & Hours
A14: Mandays Rate Charge Labmania | B14: Fixed | C14: Jam | D14: 1600000 | F14: Ya | G14: Fix, saat mau edit di master
A15: Honor Trainer | B15: Fixed | C15: Jam | D15: 2125000 | F15: Ya | G15: Default, Edit (Product Costing)
A16: Hotel Trainer ** | B16: Fixed | C16: Hari | D16: 375000 | E16: Hotel | F16: Ya | G16: Hotel trainer ada 2 jenis, bintang 2 dan bintang 3. Default, Edit
A17: Hotel Trainer *** | B17: Fixed | C17: Hari | D17: 0 | E17: Hotel | F17: Ya
A18: Konsumsi Trainer, diluar konsumsi selama training | B18: Fixed | C18: Hari | D18: 140000 | E18: Konsumsi trainer / Hari | F18: Ya | G18: Makan siang dan snack, include konsumsi peserta training. Default, Edit
A19: Total | D19: =SUM(D13:D18) -> 4240000
A21: Variable Cost / Peserta / Event
A22: Modul | B22: Variable | C22: Peserta/Event | D22: 50000 | E22: Modul | F22: Ya
A23: Sertifikat | B23: Variable | C23: Peserta/Event | D23: 5000 | E23: Sertifikat | F23: Ya | G23: Fix, saat mau edit di master
A24: Seminar Kit | B24: Variable | C24: Peserta/Event | D24: 35000 | E24: Kit | F24: Ya | G24: Input Free text
A25: Goodybag | B25: Variable | C25: Peserta/Event | D25: 5000 | E25: Goodybag | F25: Ya | G25: Fix, saat mau edit di master
A26: Merchandise | B26: Variable | C26: Peserta/Event | D26: 0 | E26: Merchandise | F26: Ya | G26: Fix, saat mau edit di master
A27: Sertifikasi LSP | B27: Variable | C27: Peserta/Event | D27: 0 | E27: Sertifikasi LSP | F27: Ya | G27: Input Free text
A28: Ongkir Dokumen | B28: Variable | C28: Peserta/Event | D28: 15000 | E28: Ongkir Dokumen | F28: Ya | G28: Input Free text
A29: Total | D29: =SUM(D22:D28) -> 110000
A31: Variable Cost / Peserta / Day
A32: Makan Siang Training | B32: Variable | C32: Peserta/Hari | D32: 50000 | E32: Makan/snack | F32: Ya | G32: Untuk peserta + trainer + asisten. Default, edit
A33: Coffee Break | B33: Variable | C33: Peserta/Hari | D33: 40000 | E33: Coffee break | F33: Ya | G33: Untuk peserta + trainer + asisten. Default, edit
A34: Total | D34: =SUM(D32:D33) -> 90000
C39: Total Fixed Cost | D39: =SUM(D5:D18) -> 4940000 | E39: Hari
C40: Total Variable Cost | D40: =SUM(D22:D28) -> 110000 | E40: Hari

Sheet Product Costing
A1: SIMULASI
A3: No | B3: SKENARIO (Simulasi, input) | E3: FIXED COST | H3: VARIABLE COST | L3: HPP | M3: PENDAPATAN | N3: HASIL
B4: Hari | C4: Target Peserta | D4: Harga Jual / Peserta | E4: Rate / Event | F4: Rate / Day | G4: Total Fixed Cost = Event + Day×Hari | H4: Rate / Peserta / Event | I4: Rate / Peserta / Day | J4: Biaya Var / Peserta = Event + Day×Hari | K4: Total Variable Cost = per Peserta × Peserta | M4: Total Pendapatan = Harga × Peserta | N4: Profit = Pendapatan − (Fixed + Variable) | O4: Harga BEP / Peserta
A5: 1 | B5: 2 | C5: 25 | E5: ='Cost Master'!$D$11 -> 350000 | F5: ='Cost Master'!$D$19 -> 4240000 | G5: =E5+(F5*B5) -> 8830000 | H5: ='Cost Master'!$D$29 -> 110000 | I5: ='Cost Master'!$D$34 -> 90000 | J5: =H5+(I5*B5) -> 290000 | K5: =J5*C5 -> 7250000 | L5: =G5+K5 -> 16080000 | M5: =D5*C5 -> 0 | N5: =M5-L5 -> -16080000 | O5: =L5/C5 -> 643200
A6: 2 | B6: 2 | C6: 11 | E6: ='Cost Master'!$D$11 -> 350000 | F6: ='Cost Master'!$D$19 -> 4240000 | G6: =E6+(F6*B6) -> 8830000 | H6: ='Cost Master'!$D$29 -> 110000 | I6: ='Cost Master'!$D$34 -> 90000 | J6: =H6+(I6*B6) -> 290000 | K6: =J6*C6 -> 3190000 | L6: =G6+K6 -> 12020000 | M6: =D6*C6 -> 0 | N6: =M6-L6 -> -12020000 | O6: =L6/C6 -> 1092727.3
A7: 3 | B7: 3 | C7: 10 | E7: ='Cost Master'!$D$11 -> 350000 | F7: ='Cost Master'!$D$19 -> 4240000 | G7: =E7+(F7*B7) -> 13070000 | H7: ='Cost Master'!$D$29 -> 110000 | I7: ='Cost Master'!$D$34 -> 90000 | J7: =H7+(I7*B7) -> 380000 | K7: =J7*C7 -> 3800000 | L7: =G7+K7 -> 16870000 | M7: =D7*C7 -> 0 | N7: =M7-L7 -> -16870000 | O7: =L7/C7 -> 1687000
A8: 4 | B8: 3 | C8: 10 | E8: ='Cost Master'!$D$11 -> 350000 | F8: ='Cost Master'!$D$19 -> 4240000 | G8: =E8+(F8*B8) -> 13070000 | H8: ='Cost Master'!$D$29 -> 110000 | I8: ='Cost Master'!$D$34 -> 90000 | J8: =H8+(I8*B8) -> 380000 | K8: =J8*C8 -> 3800000 | L8: =G8+K8 -> 16870000 | M8: =D8*C8 -> 0 | N8: =M8-L8 -> -16870000 | O8: =L8/C8 -> 1687000
A9: 5 | B9: 1 | C9: 20 | E9: ='Cost Master'!$D$11 -> 350000 | F9: ='Cost Master'!$D$19 -> 4240000 | G9: =E9+(F9*B9) -> 4590000 | H9: ='Cost Master'!$D$29 -> 110000 | I9: ='Cost Master'!$D$34 -> 90000 | J9: =H9+(I9*B9) -> 200000 | K9: =J9*C9 -> 4000000 | L9: =G9+K9 -> 8590000 | M9: =D9*C9 -> 0 | N9: =M9-L9 -> -8590000 | O9: =L9/C9 -> 429500
A10: 6 | B10: 1 | C10: 20 | E10: ='Cost Master'!$D$11 -> 350000 | F10: ='Cost Master'!$D$19 -> 4240000 | G10: =E10+(F10*B10) -> 4590000 | H10: ='Cost Master'!$D$29 -> 110000 | I10: ='Cost Master'!$D$34 -> 90000 | J10: =H10+(I10*B10) -> 200000 | K10: =J10*C10 -> 4000000 | L10: =G10+K10 -> 8590000 | M10: =D10*C10 -> 0 | N10: =M10-L10 -> -8590000 | O10: =L10/C10 -> 429500
